Order Year,Total_Sales,Avg_Sales,Transaction_Count,Order_Count,Sales_Growth
2015.0,176986.59,226.04,783,375,
2016.0,162568.86,199.96,813,408,-8.14622734976701
2017.0,266254.6,251.42,1059,520,63.77958238742647
2018.0,266553.07,204.41,1304,672,0.11209947170867096
